y_pred,y_true,ROA(C) before interest and depreciation before interest,ROA(A) before interest and % after tax,ROA(B) before interest and depreciation after tax,Operating Gross Margin,Realized Sales Gross Margin,Operating Profit Rate,Pre-tax net Interest Rate,After-tax net Interest Rate,Non-industry income and expenditure/revenue,Continuous interest rate (after tax),Operating Expense Rate,Research and development expense rate,Cash flow rate,Interest-bearing debt interest rate,Tax rate (A),Net Value Per Share (B),Net Value Per Share (A),Net Value Per Share (C),Persistent EPS in the Last Four Seasons,Cash Flow Per Share,Revenue Per Share (Yuan ¥),Operating Profit Per Share (Yuan ¥),Per Share Net profit before tax (Yuan ¥),Realized Sales Gross Profit Growth Rate,Operating Profit Growth Rate,After-tax Net Profit Growth Rate,Regular Net Profit Growth Rate,Continuous Net Profit Growth Rate,Total Asset Growth Rate,Net Value Growth Rate,Total Asset Return Growth Rate Ratio,Cash Reinvestment %,Current Ratio,Quick Ratio,Interest Expense Ratio,Total debt/Total net worth,Debt ratio %,Net worth/Assets,Long-term fund suitability ratio (A),Borrowing dependency,Contingent liabilities/Net worth,Operating profit/Paid-in capital,Net profit before tax/Paid-in capital,Inventory and accounts receivable/Net value,Total Asset Turnover,Accounts Receivable Turnover,Average Collection Days,Inventory Turnover Rate (times),Fixed Assets Turnover Frequency,Net Worth Turnover Rate (times),Revenue per person,Operating profit per person,Allocation rate per person,Working Capital to Total Assets,Quick Assets/Total Assets,Current Assets/Total Assets,Cash/Total Assets,Quick Assets/Current Liability,Cash/Current Liability,Current Liability to Assets,Operating Funds to Liability,Inventory/Working Capital,Inventory/Current Liability,Current Liabilities/Liability,Working Capital/Equity,Current Liabilities/Equity,Long-term Liability to Current Assets,Retained Earnings to Total Assets,Total income/Total expense,Total expense/Assets,Current Asset Turnover Rate,Quick Asset Turnover Rate,Working capitcal Turnover Rate,Cash Turnover Rate,Cash Flow to Sales,Fixed Assets to Assets,Current Liability to Liability,Current Liability to Equity,Equity to Long-term Liability,Cash Flow to Total Assets,Cash Flow to Liability,CFO to Assets,Cash Flow to Equity,Current Liability to Current Assets,Liability-Assets Flag,Net Income to Total Assets,Total assets to GNP price,No-credit Interval,Gross Profit to Sales,Net Income to Stockholder's Equity,Liability to Equity,Degree of Financial Leverage (DFL),Interest Coverage Ratio (Interest expense to EBIT),Equity to Liability
1,1,0.384975381465412,0.427060619276058,0.457090850687938,0.593645051096153,0.593645051096153,0.99778287982973,0.79405891339375,0.806762918962046,0.300186664069209,0.779425688373669,0.0011875867924159,0.0004499312284361,0.460714794964059,0.001086108610861,0.0,0.129956596856433,0.129956596856433,0.129956596856433,0.187198638555356,0.316120817712386,0.0028585689005853,0.0794723556713623,0.135723431498079,0.0219561948183612,0.848079413775372,0.689420406173415,0.689420406173415,0.217596109034452,5260000000.0,0.0002525133928921,0.264260126970806,0.371167244141425,0.0025871994159144,0.0004054962837825,0.629781783811181,0.117225216352511,0.276113311364392,0.723886688635608,0.0048530704332168,0.441969388234399,0.0053658477137564,0.0794779096845636,0.134688183394917,0.434070225595942,0.0164917541229385,0.0002353585667474,0.0268264045735365,1550000000.0,1440000000.0,0.0191935483870968,0.0040303746897169,0.376110897537369,0.0372623693402384,0.653618506740995,0.126777103818341,0.298176173438235,0.0004329995398826,0.001052517081248,1140000000.0,0.201803315169556,0.339229550631482,0.276724436117064,0.0043195341879663,0.700065442680117,0.676961240545963,0.399419074163422,0.0273576921540135,0.869387641108656,0.0020073610677052,0.0596754851450727,0.0006692571109171,0.0002919316347497,0.593369732307636,252000000.0,0.671542821045055,0.693022385314013,0.700065442680117,0.399419074163422,0.217742527713976,0.636373060400497,0.458661050379762,0.552095711039423,0.306167176393639,0.10479646054484,0,0.718183120416685,0.0008388367230521,0.622743956554829,0.59364689430211,0.790542181022574,0.359793140677396,0.0266159077461681,0.564156645039321,0.0113690039422404
0,0,0.525032905962073,0.572012647187091,0.56876706461802,0.614948327303651,0.614948327303651,0.999079435251379,0.797485606712169,0.809379234668742,0.303461442618624,0.781656571202566,0.0002318511702817,0.0,0.471184251360895,0.0005630563056305,0.274319263083308,0.178879946062113,0.178879946062113,0.178879946062113,0.228892880779049,0.325705595246516,0.0352859325135744,0.114730070841137,0.183324546207728,0.0221045539994786,0.848059050388078,0.689451308564793,0.689451308564793,0.217611101425714,6880000000.0,0.0004512251378866,0.264036335097248,0.383396669274617,0.0055899981591321,0.005700030069109,0.630742387090588,0.0037689564923991,0.0862230552952202,0.91377694470478,0.0052253161217116,0.37055311877213,0.0058478356244515,0.114726334131288,0.182376894653495,0.395258452646824,0.197901049475262,0.0028993740679496,0.0021817374486053,19100000.0,0.0002572092344167,0.0388709677419355,0.0053170394959094,0.394032247122408,0.0027099411472198,0.747117491302061,0.208942218298613,0.200172084653591,0.0183527315737299,0.0057282834763736,0.0014487528202832,0.0668909269491899,0.362026671396501,0.276974860487935,0.0,0.722200029947577,0.731716267848756,0.328673996630856,0.0001369426782052,0.939547510334495,0.0022933388377895,0.0617466702487532,2980000000.0,3730000000.0,0.593912676604421,1030000000.0,0.67155802611618,0.395274186255953,0.722200029947577,0.328673996630856,0.110970608270427,0.610092410872494,0.449765415512579,0.625454665736106,0.310234444303019,0.0512542469125763,0,0.818866265147262,0.0015838551919541,0.623732139668682,0.61494719192326,0.841542428541087,0.277512523990292,0.0268212617779294,0.565297967033171,0.0444228577898259
1,1,0.456344756983376,0.503924989097252,0.498527758445313,0.594473832139408,0.594473832139408,0.998869485941947,0.797120249544064,0.809062334323875,0.3032622827157,0.781287166760562,0.0001134394005219,0.0,0.460976489435763,0.0007820782078207,0.0,0.164131305044035,0.164131305044035,0.164131305044035,0.194100406542498,0.31668670863691,0.01644055235416,0.0881850012213989,0.154552986367402,0.0219954812397777,0.847903825145252,0.689030476278851,0.689030476278851,0.217570935887017,5930000000.0,0.0004092269127421,0.263653246924804,0.375386535524012,0.0036505346317172,0.0011029498918884,0.628061259434802,0.0164008426120975,0.190464673337969,0.809535326662031,0.0049867740990081,0.384759653129285,0.0074120113093497,0.0881984138616119,0.153555538797979,0.399299056969038,0.0614692653673163,0.0016596836862021,0.003811849694941,7170000000.0,6050000000.0,0.0264516129032258,0.014599826682138,0.38749689061758,0.0307990536467718,0.711480704551336,0.134708420632851,0.239087238867286,0.004798899599331,0.0020216312840062,0.0002139757059799,0.118791670630568,0.339910964074426,0.276587449180319,0.0045614130460062,0.591746935243144,0.727425187473457,0.334923440610401,0.0194589611755391,0.92243616197725,0.0020123338103158,0.019803306637121,0.0001482580593028,8490000000.0,0.593849578300717,826000000.0,0.671570530010116,0.534349951748196,0.591746935243144,0.334923440610401,0.12336014103696,0.641601383836601,0.459095595538087,0.560063994707121,0.314221207779159,0.0765427077990255,0,0.7707090119118,0.0265668200220835,0.617528969309381,0.594474492432853,0.836781784982344,0.286673692825623,0.0262868055943088,0.56055789705376,0.0183037145062263
0,0,0.497733144834983,0.562309201918884,0.553616360618877,0.663558137188486,0.663558137188486,0.999181810093512,0.797486436754959,0.809414648347379,0.303248747576666,0.78169348357652,0.0009093653880778,0.0001687666570058,0.471531499794503,0.0,0.0,0.170999957861026,0.170999957861026,0.170999957861026,0.221707478491065,0.32025889509797,0.0126442518565573,0.108215943327091,0.174738269187316,0.0221027524499848,0.848674810515799,0.689982477680452,0.689982477680452,0.217661673369678,6930000000.0,0.0004606578943362,0.264875554623089,0.382074065794866,0.0422881675876206,0.0392838561324139,0.63061225188696,0.0011107159467075,0.0319255071499834,0.968074492850017,0.0154676342718647,0.36963718146295,0.0053658477137564,0.108212418779618,0.17379533971797,0.397059040249296,0.104947526236882,0.0007446258103131,0.0084955404603423,0.0003494725715621,0.0022339378506839,0.0216129032258065,0.0027936489285137,0.393987019741752,0.0001604934169802,0.916395569244247,0.732719504184981,0.702818855448009,0.465115684767932,0.0423702385352068,0.0774549912787238,0.0314569246656057,0.366816198971557,0.276975567110857,0.0001322974832766,0.856631978250817,0.739628193430486,0.327109625062338,0.0,0.937330714658894,0.0022556467396582,0.119596097493488,0.0002763531900316,0.0002950790275203,0.594085444758029,0.0004954713673457,0.671649276399628,0.0235073177974175,0.856631978250817,0.327109625062338,0.110933233663468,0.73641876772482,0.526782353492615,0.594429968942296,0.324382201188132,0.0068305280909965,0,0.81395106610459,0.0001782405197041,0.62390484551485,0.66355706814048,0.840979368486873,0.275584993155416,0.0267911566924924,0.565158395757604,0.11734925984827
0,0,0.513820504070589,0.552932839075447,0.557524492745864,0.609499992793208,0.609543233543291,0.999070653662211,0.797475231177293,0.809376500524435,0.303461684317535,0.781642957133085,0.0001540278098829,4800000000.0,0.47023309260797,0.0003460346034603,0.224820325943921,0.173738991192954,0.173738991192954,0.173738991192954,0.221045665122435,0.325917804343213,0.0188302554562367,0.104877452976142,0.176395270015817,0.0220506971514547,0.847988219680457,0.689233577990249,0.689237992617589,0.217574250937674,6540000000.0,0.0004370760032123,0.263560777365939,0.381533847472151,0.0109721966546126,0.0069527016657787,0.63133724195559,0.0060341604428273,0.117574145176407,0.882425854823593,0.0053575181240352,0.374770456492419,0.0063474943940723,0.10481704040256,0.17539401251791,0.400264997193281,0.0974512743628186,0.0007730311545757,0.0081872793178975,661000000.0,0.000149030056412,0.0261290322580645,0.0147026423629981,0.39732253906515,0.0128145926063352,0.802178160112597,0.286816240060118,0.415819840129279,0.117495069530397,0.0073493073488807,0.008695653730152,0.0713792447352187,0.35594164892192,0.277349054382577,0.0097047813728627,0.568832459945014,0.735459095007023,0.329307488090196,0.0124311023459273,0.936833777082187,0.0023207081223606,0.0208771074171043,0.0001671247066197,0.0001174564020441,0.593970423182105,0.0001313791140823,0.671586290592557,0.340043830373538,0.568832459945014,0.329307488090196,0.119061076763107,0.659119665951449,0.462757448849681,0.623209085554775,0.317073587345914,0.0266444934027799,0,0.807040460993104,0.0091493976606619,0.623947561883592,0.609495637508589,0.840893859502641,0.279155471655823,0.0269754370727212,0.565906608160669,0.0318676564520096
0,1,0.473212109394043,0.544265154819014,0.528507950104395,0.597745715562346,0.597788956312429,0.998965505686657,0.797395823750374,0.809325723558741,0.303542653452826,0.781567448170395,7040000000.0,1460000000.0,0.454420707413838,0.0003670367036703,0.0,0.184610846571994,0.184610846571994,0.184610846571994,0.215089344804765,0.300452712739619,0.0474310691652676,0.0963276606139565,0.172629359041952,0.0220323972013339,0.84793727003842,0.689442998678035,0.689442998678035,0.217571576332239,5890000000.0,0.0004438386407727,0.264038666262598,0.347136842889609,0.0047238542157434,0.0038447286106948,0.632047163737483,0.0076081306595901,0.13441364089851,0.865586359101491,0.0056789297232898,0.376490495053491,0.0057582626498976,0.0962186721383556,0.171487821431265,0.401167970440354,0.175412293853073,0.0009373763606667,0.0067518583194217,0.0002697951181223,0.0005484608675062,0.0446774193548387,0.106749115050747,0.393715655457814,0.0238028374813903,0.726489255493873,0.299633299318601,0.355758672849839,0.0174605051642917,0.0039105010002909,0.0006715625989678,0.137790424184092,0.320293692448545,0.276581486866538,0.0024567082541338,0.973240388875168,0.730098212727735,0.332837720923022,0.0003021858121527,0.938484042630771,0.0022818781442925,0.0185761777336781,6870000000.0,614000000.0,0.593900598667504,1050000000.0,0.671568893443599,0.162322233910709,0.973240388875168,0.332837720923022,0.111120195658328,0.635582779542723,0.457885614070419,0.475735352501476,0.313311432733838,0.0601347272943751,0,0.801593648260894,0.0068441959209153,0.623280055626271,0.597741856893495,0.840519506839229,0.280296596096146,0.0276159919651801,0.567367277599678,0.0274708622207317
1,0,0.430214985618876,0.456334496293066,0.478291129075432,0.592809063261217,0.592809063261217,0.998714768206487,0.796797777920115,0.808751553254361,0.303022759094586,0.78116534189139,0.0002416802722638,7200000000.0,0.462422519144796,0.0003630363036303,0.0,0.155703510176562,0.155703510176562,0.155703510176562,0.196369480949229,0.319197849614487,0.0101789252385922,0.0835436853676411,0.148602847028696,0.0219298669108472,0.847982937669542,0.689171975183908,0.689171975183908,0.217590988791044,5080000000.0,0.0003741909602151,0.263493173570801,0.379624455124623,0.0039768986680228,0.0015034554521782,0.630239996712374,0.0131662699824,0.174955407080449,0.825044592919551,0.0049578809815462,0.381734487779674,0.0053658477137564,0.0835083948084095,0.147568056707639,0.401935631672657,0.0524737631184408,0.0008338997494242,0.0075801500318081,3630000000.0,469000000.0,0.0214516129032258,0.0079843720165092,0.385393817417064,0.0207364732775445,0.713446732566995,0.112069010768117,0.288219638137056,0.0173158864706745,0.0014940919834369,0.000696825327118,0.131673938197697,0.342889816701172,0.276304268994397,0.0067664705917756,0.715686182970408,0.728188570234095,0.334645777508118,0.0103729180624659,0.914192033328385,0.0019835793841823,0.0359754080047593,0.0002014110669558,7810000000.0,0.593846395266294,3290000000.0,0.671561582888404,0.595359422645991,0.715686182970408,0.334645777508118,0.117878003881518,0.635643423956447,0.458208347883113,0.57721420473829,0.312911581697865,0.0706743506495586,0,0.744052503199704,0.0009667698528878,0.622784263559545,0.592808356030967,0.834184641090899,0.284327824385731,0.026683522092701,0.564586969433184,0.0202667012145603
1,1,0.43708867547409,0.46652856519843,0.470207184538787,0.595280992807622,0.595280992807622,0.998887626856411,0.797224281573756,0.809135505233413,0.303406093567933,0.781389482808518,0.0001082357582961,357000000.0,0.46264898551454,0.0003160316031603,0.0,0.155239981458851,0.155239981458851,0.155239981458851,0.185024108915572,0.32128457239867,0.0377512591315395,0.082403713052683,0.148753483467651,0.021988733330709,0.847465829977315,0.686388999879737,0.686388999879737,0.217477158778327,5040000000.0,0.000365007747587,0.263012176453676,0.382278976193137,0.0049173013500737,0.0036912638632941,0.630309858769058,0.021261364776261,0.207576261450555,0.792423738549445,0.0049846328381375,0.38334269028346,0.0053658477137564,0.082352174833488,0.147771661262348,0.41150125331079,0.142428785607196,0.0005315857283434,0.0118932442990902,0.0002300519279173,0.0001982024100505,0.0548387096774194,0.0097087378640776,0.389566043282603,0.0063390124613361,0.723887135786157,0.417706484378779,0.489850315587368,0.0160662869869151,0.0041136294240307,0.000468533523969,0.181881092032812,0.343841126834926,0.276511681602758,0.0024314081826614,0.838376260422775,0.728273878992418,0.342095853358818,0.0057623657963528,0.900280906754218,0.0019930735852771,0.0319364722633076,0.0001165636719483,0.0001032847116831,0.593896824335994,1100000000.0,0.671569162352658,0.414240673569594,0.838376260422775,0.342095853358818,0.119769819009583,0.637030892734579,0.458544165637514,0.585861901519751,0.312743079548249,0.0578964784008769,0,0.751652453668746,0.0015624192084073,0.623238829933439,0.595282160875603,0.83323783131972,0.290198432267217,0.0266887485047392,0.564617693594176,0.0164701318671068
0,0,0.402817725344903,0.47007195813345,0.450398843621179,0.595799881808617,0.595864742933741,0.99890056814571,0.79726274022303,0.809198390552464,0.3034459738883,0.781426675884936,0.000104651026985,3280000000.0,0.474101473708932,0.0002710271027102,0.0,0.164131305044035,0.164131305044035,0.164131305044035,0.188616810059563,0.341373700219283,0.0421374230530726,0.0833808321797899,0.152142803344129,0.0219677152532818,0.847834335527262,0.688551792177119,0.688551792177119,0.217485531023381,5630000000.0,0.0003823759975576,0.262767404091972,0.427722514064305,0.0091675220982149,0.0080668806855257,0.630520814783359,0.0099699979025889,0.154488012818575,0.845511987181425,0.0055912770705081,0.371398599365219,0.0053658477137564,0.0834106860781344,0.151134906869769,0.408410512537797,0.203898050974513,0.0005194120093737,0.01218528117088,0.0002268036864101,0.0007269943361013,0.0506451612903226,0.0556879103447263,0.380814545125619,0.0100003030927981,0.815915676329981,0.629768137678941,0.693525203062941,0.169653256090604,0.0080864068127761,0.0063659287243006,0.141249173510756,0.373934281938399,0.277163926723596,0.0031464140222951,0.869758399028192,0.737557199544017,0.33396325924233,0.0,0.918334099118487,0.0020638048210819,0.0393221205581251,0.0001208085829738,0.0001142895200596,0.593946361137429,8540000000.0,0.671592645653499,0.155652483394231,0.869758399028192,0.33396325924233,0.110933233663468,0.69522306506914,0.46791084244904,0.730850771442033,0.324749482751818,0.0317783884223545,0,0.757696381692444,0.0013355614239838,0.623932003512371,0.59579512066067,0.836339525299032,0.282009576156538,0.0267640034744094,0.565025508978568,0.023441214683224
1,1,0.375030468483401,0.434201918883559,0.411638738690508,0.580701653238012,0.580701653238012,0.998505627727637,0.79675738250433,0.808720826680249,0.303389174644141,0.780792147966128,0.0002565973799777,0.0,0.457351349991193,0.0004070407040704,0.0,0.143609624541739,0.143609624541739,0.143609624541739,0.186347735652832,0.314069463110985,0.008167339715958,0.0778438237928507,0.150410484296151,0.0216928209248267,0.847757328748971,0.687875373165852,0.687875373165852,0.217554413727633,3080000000.0,0.0003774599842757,0.262619763619834,0.365699862151187,0.0074789158224155,0.0032614378024846,0.630337255654032,0.0109129209640796,0.161199625117151,0.838800374882849,0.0051663897348955,0.37787390708213,0.0053658477137564,0.0778575732408357,0.150599502299977,0.402143288725026,0.0629685157421289,0.000935347407505,0.0067621052272038,5430000000.0,0.0001429780744257,0.0258064516129032,0.0125875769281612,0.372854526130119,0.0106759034741421,0.777716877765297,0.310618007911909,0.495079867940657,0.113880898301432,0.0045565637457935,0.004899185279791,0.123139451528654,0.331813331480157,0.277968993616476,0.0078993782515511,0.725234284453296,0.734377880502174,0.333300067241717,0.0,0.842346725909992,0.0019658072493732,0.0524903262665058,0.0002333132551204,0.0001480850418205,0.593948333657931,0.000146180196082,0.671623206872231,0.288269524211749,0.725234284453296,0.333300067241717,0.110933233663468,0.694240016181789,0.467405488985803,0.518574510260357,0.325048012797343,0.0387380624209117,0,0.714774478719306,0.0004991862472534,0.623547530836435,0.580697554737252,0.831801642933282,0.282693219193242,0.0267111214454595,0.564745499443759,0.0223140672098785
1,1,0.447228586749866,0.501635412123855,0.492638792226565,0.593500915262544,0.593479294887502,0.998906229959778,0.797139202187771,0.809089805964288,0.303218535212752,0.781327868617773,6070000000.0,357000000.0,0.463262961005846,0.0008950895089508,0.0,0.159664573764275,0.159453878892588,0.159453878892588,0.196936749550912,0.320824786022494,0.0158809383365851,0.0911977851966452,0.155532123220607,0.0220712253338441,0.847962821325076,0.676436410091988,0.68925617049487,0.217578000694674,5520000000.0,0.000404809987103,0.263728621271107,0.380015647703141,0.0025734709096071,0.0010162360712026,0.628398583581047,0.0144976700498819,0.181848414306013,0.818151585693987,0.0050924189048195,0.380569156062745,0.0096379301940138,0.0911541029524321,0.155161752507352,0.399486618177628,0.0704647676161919,0.0011686770210909,0.0054112212179303,8100000000.0,9300000000.0,0.027741935483871,0.0151579689496644,0.389181610547025,0.0206057362347742,0.692609134629229,0.0959574627020345,0.173648681479513,0.003480113527296,0.0014112534988573,0.0001538018422552,0.119854968907913,0.344206895519679,0.276781004780015,0.0033577183818881,0.625550439392604,0.725747155865041,0.334345502955787,0.0263608125310464,0.918323291464484,0.0019824087071059,0.0181939333480586,8670000000.0,4870000000.0,0.593832694457981,509000000.0,0.67157063794265,0.405607277738996,0.625550439392604,0.334345502955787,0.12237481880133,0.641460814706384,0.459067518771173,0.585413040116701,0.314212989317797,0.105306062091276,0,0.769570658595205,0.0584200823037366,0.611330975215051,0.593496289381629,0.83688751204119,0.285292845781034,0.0263696150951595,0.561814522832378,0.0193541069404714
0,0,0.542241505386828,0.598397296118622,0.58530970608705,0.607309128122343,0.607431643580911,0.999068573812146,0.79753969783399,0.809429360647695,0.303578908289523,0.781696571303619,0.0001221121375648,5810000000.0,0.471274837908793,0.0002050205020502,0.187063467962344,0.204289747587544,0.204289747587544,0.204289747587544,0.253190885884466,0.355061186956214,0.0658378329325287,0.128328312026708,0.208480831513143,0.0221562300244311,0.848095165696565,0.68979876570482,0.68979876570482,0.21763933742776,9520000000.0,0.0005267620526296,0.264643992198367,0.417411795387653,0.0097416232710662,0.0069240050056956,0.630671497650717,0.0096699769284782,0.152220576231218,0.847779423768782,0.0061163865382989,0.371314722322253,0.0053658477137564,0.127485465826372,0.205934695724304,0.407305241130029,0.194902548725637,0.0008683919531717,0.0072812818881635,9290000000.0,0.000813991577154,0.0516129032258065,0.0214649765727127,0.399651749168947,0.0035017019691029,0.826824830333561,0.530498019841341,0.729068067960625,0.252719784539583,0.0068661298638882,0.0095717548131987,0.139932756867237,0.366669248376745,0.277371669641339,0.0077763874051096,0.874256625037388,0.738395419116715,0.333770303816579,0.0024352040990776,0.943334656885514,0.002473475851949,0.0236822314228768,0.000168059593785,0.0001245404239387,0.593962175664338,0.0001631641448657,0.671613092888619,0.110249426619188,0.874256625037388,0.333770303816579,0.114364058229046,0.724677154751593,0.472970971653572,0.692699612222952,0.330236934502988,0.0299457125746258,0,0.829715952954041,0.0024555084564232,0.623816959319376,0.607310807590614,0.843256647980083,0.281792229009554,0.0268062290050387,0.565229253104816,0.0238449673016847
0,0,0.546433968702774,0.587767117313563,0.606938272926816,0.608973897000533,0.608973897000533,0.999123689838892,0.797561140606067,0.809477273271734,0.303500839541168,0.781746536342127,9170000000.0,4700000000.0,0.47148117393456,0.0003170317031703,0.0,0.177236526062956,0.177236526062956,0.177236526062956,0.230783776117992,0.327827686213482,0.0202066034454074,0.110577314550932,0.184153046621978,0.0221859081818808,0.848140892147407,0.689629855714975,0.689629855714975,0.21762089725108,8120000000.0,0.0005131369599803,0.264410098608294,0.387671845311278,0.0102177528307244,0.0086158602697236,0.630809509458774,0.0049024703854676,0.103153248480817,0.896846751519182,0.005087329934179,0.372666820254852,0.0053658477137564,0.110508573941082,0.182112962823317,0.398969485131085,0.11544227886057,0.0009191157822121,0.0068867759385527,0.0001862962040858,0.0001006142005218,0.0283870967741936,0.006862212299693,0.395660432826033,0.0096255838871646,0.794790847722746,0.345755776775337,0.390754556384266,0.14092761902128,0.0087818944346557,0.0103455907057502,0.0719645901186741,0.360600244245192,0.27715905571723,0.0040617543228766,0.652692421037885,0.734727200237465,0.329098291216193,0.0097405695752253,0.941883126053364,0.0025925915800945,0.0137922413169383,0.0001435691682849,0.0001315830193199,0.593958869209537,0.0001458612941115,0.67160668297824,0.591023597195004,0.652692421037885,0.329098291216193,0.116480796429787,0.685910677787087,0.469760337617644,0.632026233083595,0.320729728950076,0.0285758521860847,0,0.825237090330407,0.0031077204016144,0.623275913108472,0.608974698281184,0.842127101087819,0.278334480430817,0.0268533254268549,0.565438359242408,0.0367299626634495
0,0,0.459464729683615,0.526166593981683,0.50886021735639,0.569098718632439,0.569098718632439,0.998043785465777,0.796479594850581,0.808212536233922,0.303870155477659,0.780347094210203,0.0005326216909316,0.0,0.461676018888973,0.0006600660066006,0.0,0.175761661961148,0.175761661961148,0.175761661961148,0.210740285525196,0.317747754120393,0.0006806116429965,0.0922563309176777,0.167658356556451,0.0220372013333173,0.84810702375225,0.689523644974861,0.689523644974861,0.217611356940129,6000000.0,0.0004362525086016,0.264057315585394,0.376634626131664,0.0038352454438519,0.0016120036881446,0.622934959795071,0.0040616821236743,0.0908788584212595,0.90912114157874,0.0072366831023733,0.373921620817611,0.0053658477137564,0.0924243164460078,0.166850162129553,0.395601421713961,0.0044977511244377,0.0002860823957878,0.0221239278105347,764000000.0,2190000000.0,0.009516129032258,0.017296535111555,0.339092286470229,0.0992056405217881,0.731140752989981,0.0574864312747549,0.131903759585438,0.0065988594257515,0.0016857800389788,0.0005456192129975,0.0638399964437166,0.341222975856807,0.276429003105975,0.0059061775053869,0.654289357131383,0.730757389770818,0.32861416604076,0.0238318582921202,0.928419485830532,0.0020343096889211,0.0060878729737256,0.0014780849106982,0.0006891369552457,0.593393746954067,0.0001839682269011,0.671474825469379,0.0897562768266142,0.654289357131383,0.32861416604076,0.115392703391973,0.638405495789136,0.458028503450625,0.566271393956771,0.313956041287898,0.073103706051504,0,0.788963499694856,0.0115472979089551,0.621765972724634,0.569096693146499,0.839572199296877,0.277724928127789,0.0256792556632063,0.666761306808098,0.0420367887188117
1,1,0.310973528981621,0.353576101177497,0.343219658439959,0.603532769281771,0.603503942115049,0.998950484547292,0.796278724495379,0.808239356887596,0.301622597301335,0.780429480383249,0.000177270745158,6660000000.0,0.44700267565822,0.0001850185018501,0.0,0.153133032741983,0.153133032741983,0.153133032741983,0.162049730547414,0.308162976586263,0.0103755463799023,0.094699128735445,0.125103562551781,0.0221284008256723,0.847749952756,0.688011332146405,0.688011332146405,0.217436127145314,4910000000.0,0.0003545019527053,0.261029131796318,0.357522074438359,0.0146327156545533,0.0141000415477731,0.630515677867426,0.0117701237472529,0.166792635365964,0.833207364634036,0.0065508400263725,0.382900937857176,0.0057503412303792,0.094728614001661,0.130578387753563,0.400838398602401,0.0599700149925038,0.0005397015409899,0.0117096538679942,0.0029795928271948,0.0002564527366684,0.0219354838709677,0.0537285372266205,0.390131385540806,0.0249663519243151,0.821985480202066,0.458480237697571,0.441517916722076,0.0590573167056764,0.0146940588159279,0.0054580712886083,0.057064389833484,0.326455555477685,0.276979238120711,0.000196073049993,0.317549609928726,0.738658573351535,0.329625936765749,0.0268349843374652,0.893682440067942,0.0020310460488,0.101608468091921,0.0002622396708897,0.0002791941698285,0.594025463484474,9470000000.0,0.671513634080211,0.12639270826066,0.317549609928726,0.329625936765749,0.136528005253323,0.595618425359296,0.452021565263104,0.488193305587346,0.304490461901126,0.0200397484578312,0,0.677637991092621,0.0127656227960091,0.624306821381982,0.603529037444385,0.827521579117268,0.28331542374377,0.0267611077663433,0.565010922736598,0.0214433677440574
0,0,0.435723687417735,0.465547317924117,0.474811285400717,0.594387350639242,0.594401764222603,0.998767804383168,0.796973331970219,0.808873417972025,0.303218293513841,0.781250254386608,0.0002140431502202,2840000000.0,0.465512526945304,0.0003880388038803,0.0,0.14710715941174,0.14710715941174,0.14710715941174,0.205918502410892,0.320541840560232,0.00604988127108,0.0897321065059848,0.161030353242449,0.0219466813727889,0.847170966717637,0.625423775370834,0.625423775370834,0.216904945860129,544000000.0,0.0003983468021283,0.263066570311832,0.388174807197943,0.0094832777432831,0.0059826297868836,0.630301639703566,0.0079938719120181,0.138071771926112,0.861928228073888,0.0116554390904302,0.376789097326447,0.0100205956907478,0.0897454687576335,0.160070884548677,0.399032452108255,0.0569715142428786,0.0003368062248283,0.0188047835981163,0.000105472312467,0.001071957309319,0.02,0.0131192808777522,0.383505574274666,0.0014223245287472,0.805609512006455,0.538716736795123,0.548609032909595,0.14012784479644,0.0090488214700798,0.0068503427078368,0.108305990006158,0.349898434796051,0.277055731457446,0.0014773489512493,0.742223271987964,0.736179241514641,0.331534260539831,0.0068655400584975,0.876956502178565,0.0019422940217498,0.0259088293717876,0.0003630363721611,0.0003630328041868,0.594008667631434,0.0002474105135415,0.671634313705061,0.0267894954809614,0.742223271987964,0.331534260539831,0.117587603378875,0.688371368869695,0.4676448746127,0.605995361288304,0.322505488100088,0.0307434373915286,0,0.75230634888845,0.0013146174701046,0.624096936350946,0.594385777358896,0.836252068628332,0.280576254886011,0.0266895377835169,0.564622304243184,0.0266530299125915
0,0,0.442597377272949,0.454808111644134,0.480057818941057,0.631891494544459,0.631891494544459,0.998672131280136,0.797015664152513,0.808963905128838,0.303492380079272,0.781208850773237,0.0009113312084742,0.0006951013015916,0.435115707539653,0.0,0.0,0.175972356832835,0.175972356832835,0.175972356832835,0.196842204783965,0.312654735799675,0.0111015321324319,0.080286621610618,0.155381486781653,0.0220660577313489,0.844360736923576,0.649276670523839,0.649276670523839,0.215234435753374,5340000000.0,0.0004107241756706,0.263063462091366,0.366668529488469,0.0535037332176811,0.0358071933793062,0.63061225188696,0.0005553579733537,0.0168697282099344,0.983130271790066,0.0061177213502702,0.36963718146295,0.0053658477137564,0.0802514371325745,0.154354875197949,0.398856948405931,0.0794602698650675,0.000655351871202,0.0096568566756469,3500000000.0,0.0002224103379956,0.0180645161290323,0.0097939279996474,0.382510571900228,0.0054406413865827,0.893988839719466,0.446050801410765,0.585755989721387,0.208000118415094,0.039257173245373,0.0524001242674069,0.0206319233340621,0.264159818051704,0.277126323842158,0.0371067826195914,0.969374732140092,0.738228325358597,0.326754752654123,0.0,0.916054886128912,0.002137580830284,0.0886537768133367,0.0002755139524818,0.0002132487495152,0.594091051784951,0.00026456669505,0.671482262047462,0.19049261143225,0.969374732140092,0.326754752654123,0.110933233663468,0.551351497405994,0.34631996762937,0.513365694895357,0.305466456203434,0.0053434811686477,0,0.748013753642557,0.0006751025773824,0.623890057811401,0.631886701929329,0.837673650674672,0.275181974944159,0.0267911566924924,0.565158395757604,0.203569918610667
1,1,0.420416321357188,0.491768425643262,0.468065742277424,0.588441747502847,0.588513815419652,0.998791260470023,0.797132423504986,0.809071317940882,0.303447182382856,0.781186254224923,9610000000.0,3580000000.0,0.461677696417638,0.0002740274027402,0.0,0.153512283511019,0.153512283511019,0.153512283511019,0.195140398978917,0.317889226851524,0.0114796497118744,0.0861493363732595,0.159674625291858,0.0220072703268158,0.848057038753632,0.689522721654111,0.689522721654111,0.217597303647301,5900000000.0,0.0004081039655457,0.264353373584788,0.376914049402034,0.0041965547689398,0.0019320338321145,0.630137258393721,0.0137416901485514,0.178008888351422,0.821991111648578,0.0051349938449873,0.379195809279261,0.0053658477137564,0.086122103343267,0.158705979941181,0.399901932282365,0.0659670164917541,0.0012275166627778,0.0051516328874505,6840000000.0,9830000000.0,0.0256451612903226,0.0162213768488463,0.382781936184166,0.0203395373195448,0.72452772363393,0.118639624412431,0.237793447509532,0.0423276974982871,0.0020537857142145,0.0021593324498832,0.103767665077546,0.341135666167314,0.276317870925526,0.0058875910099531,0.551353348062688,0.729236347699259,0.333025821368668,0.0131859867539927,0.911340547923246,0.0019885216310482,0.018426157077309,0.0001365295086642,6860000000.0,0.59387419629914,6800000000.0,0.671582461117999,0.340420997690691,0.551353348062688,0.333025821368668,0.118441372042051,0.651111394483214,0.460451514495999,0.567371842136552,0.316472176619788,0.067217524248713,0,0.769893781103439,0.0124441852226981,0.60743793931615,0.588442913398866,0.83702522225412,0.284744717679196,0.0266571690031296,0.564426747559849,0.0198509832261349
1,1,0.126456393506557,0.10662887047536,0.112425718721559,0.593976563513455,0.593976563513455,0.998721007756685,0.796823370906143,0.808742439440006,0.303054179953057,0.780970674732933,0.0002540533771117,3190000000.0,0.460193083549315,0.0003270327032703,0.0,0.131052210189204,0.131052210189204,0.131052210189204,0.132268128959062,0.31605008134682,0.0310661403269961,0.060499959286703,0.107705053852527,0.0219483723008225,0.847456642336948,0.685780444943653,0.685780444943653,0.21708288344407,2410000000.0,0.0002269850599611,0.259021221375232,0.343997988152453,0.0060361746141197,0.0026425880893888,0.630569101793126,0.0415943971767023,0.243704084409106,0.756295915590894,0.0050313790657156,0.401446711237063,0.0053658477137564,0.0605061312228248,0.106636000301636,0.442640433105625,0.271364317841079,0.0012701246791717,0.0049799971821003,0.0001006954867212,0.0012346043252002,0.0635483870967742,0.0477740405093783,0.353802492028674,0.004782281607188,0.753910710877564,0.391281003610142,0.794697263596939,0.0270981380380204,0.0028550518684388,0.0005947432819628,0.241827014884902,0.337234012693179,0.293647572667696,0.0085669692218956,0.953990800022123,0.732699589504411,0.361440668393526,0.0,0.808266797831968,0.0019436303548459,0.223712328549339,6760000000.0,315000000.0,0.593915385751843,725000000.0,0.671563164170682,0.163233773850622,0.953990800022123,0.361440668393526,0.110933233663468,0.598772220603789,0.454603463561735,0.537967854175172,0.291822524718255,0.0476242970105371,0,0.420995462613626,0.0005372100637161,0.623638426230443,0.593973362539862,0.744086342965807,0.304944059591342,0.0267769888168083,0.565089922318204,0.0134304053823373
1,1,0.278213815629113,0.293120366332316,0.30553027463997,0.605990285244815,0.605990285244815,0.998705293333965,0.796701354615999,0.808649087941538,0.302873630866304,0.780869621846062,0.0004624303391306,0.0004200490034532,0.449636395661911,0.0002410241024102,0.0,0.14310395684969,0.14310395684969,0.14310395684969,0.174340550250544,0.309648440263139,0.0129467459201113,0.0797980620470646,0.133840476011147,0.0220324130043997,0.847932435057382,0.68895011851976,0.68895011851976,0.217525955394862,3100000000.0,0.0003386309656632,0.262308164518109,0.341874371297642,0.0127238292548229,0.0079907721522619,0.630545471979836,0.0064271970380908,0.12210901835112,0.87789098164888,0.00691985991927,0.374040167038335,0.0053658477137564,0.0797791782695784,0.137267174421235,0.409075015105376,0.131934032983508,0.0007162204660505,0.0088302727812242,4600000000.0,0.0010174894714425,0.032741935483871,0.01739053801977,0.377139820447299,0.0018635431990424,0.86599278175923,0.538535514006867,0.802597265199138,0.100133895998486,0.0082495639035425,0.0044720104429368,0.118599879065608,0.308194521943868,0.277315334058379,0.0119028687191682,0.918805280947671,0.740039970877119,0.331508624480952,0.0001362057016649,0.84751431385637,0.002021850821413,0.156562964062697,0.0001762354458608,0.0001197008123851,0.593983007117857,614000000.0,0.67154743636904,0.0762426961068495,0.918805280947671,0.331508624480952,0.11110812683209,0.590476803214267,0.448393581075226,0.435488182833557,0.306234367058438,0.0230200621254458,0,0.605229702828033,0.0004088836672675,0.623787225991238,0.605985618322465,0.824988296772557,0.279440416559437,0.0267702253682914,0.565056573987192,0.0305722380812585
